owner,city,category,title,description,location,address,lat,lon,precision,price_day,deposit_type,deposit_amount,quantity,handover,status,photos
sergey,yablonovskiy,Инструменты / Электроинструменты,Перфоратор Bosch GBH 2-26 DFR,"Рабочая лошадка для бетона: вешал на нём кухни, карнизы, водонагреватели. В кейсе идут три бура по бетону (6, 8, 10 мм), зубило и запасные щётки. Быстросъёмный патрон — можно сверлить и обычным сверлом по дереву, переходник не нужен. Если раньше не держали перфоратор в руках, покажу, как ставить бур и на каком режиме работать.","улица Гагарина, Яблоновский","улица Гагарина, Яблоновский",44.988366,38.932682,street,550,money,3000,3,pickup,active,drill-bosch-1.webp;drill-bosch-2.webp
sergey,yablonovskiy,Инструменты / Электроинструменты,Шуруповёрт Makita DF333D с двумя АКБ,"Две батареи на 2 Ач: пока одна работает, вторая заряжается — на сборку шкафа хватает с запасом. Комплект бит на 32 позиции в комплекте. Лёгкий, 1,1 кг, женщине держать над головой не тяжело.","улица Гагарина, Яблоновский","улица Гагарина, Яблоновский",44.988366,38.932682,street,300,money,2000,5,pickup,active,screwdriver-1.webp
sergey,yablonovskiy,Инструменты / Электроинструменты,Болгарка DeWalt 125 мм,"Под круг 125, ручка перекидная на обе стороны. Отдаю с защитным кожухом и ключом, круги свои — отрезной по металлу могу дать один в подарок, дальше покупайте, они копеечные. Очки и перчатки обязательны, у меня их нет.","улица Гагарина, Яблоновский","улица Гагарина, Яблоновский",44.988366,38.932682,street,350,money,2500,2,pickup,active,grinder-1.webp
sergey,yablonovskiy,Инструменты / Электроинструменты,Лобзик Bosch PST 900 PEL,"Пилит ЛДСП, фанеру, тонкий металл. Есть подсветка и сдув опилок — видно линию реза, не надо каждые десять секунд дуть на заготовку. Даю четыре пилки: две по дереву, одна чистого реза для ламината, одна по металлу.","улица Гагарина, Яблоновский","улица Гагарина, Яблоновский",44.988366,38.932682,street,350,money,2000,2,pickup,active,jigsaw-1.webp
sergey,yablonovskiy,Инструменты / Электроинструменты,Виброшлифмашина Makita BO3711,"Для стен под покраску и шкурения дверей. Пылесборник есть, но пыли всё равно будет много — берите респиратор. В комплекте десять листов наждачки разной зернистости, от 80 до 240.","улица Гагарина, Яблоновский","улица Гагарина, Яблоновский",44.988366,38.932682,street,300,money,1500,2,pickup,active,sander-1.webp;sander-2.webp
sergey,yablonovskiy,Инструменты / Электроинструменты,Сварочный инвертор Ресанта САИ-190,"Варит электродом до 4 мм, от обычной розетки тянет нормально, если провод не длиннее двадцати метров. В комплекте маска-хамелеон, держак, кабель массы и щётка по шву. Электроды свои — тройка самая ходовая.","улица Гагарина, Яблоновский","улица Гагарина, Яблоновский",44.988366,38.932682,street,650,money,4000,2,pickup,active,welder-1.webp
sergey,yablonovskiy,Инструменты / Ручной инструмент,"Лазерный уровень Bosch, 3 линии 360°","Три плоскости сразу — под плитку, гипсокартон и подвесной потолок то, что нужно. Самовыравнивающийся, в кейсе штатив на 1,2 метра и очки для яркого света. Батарейки свои, пальчиковые.","улица Гагарина, Яблоновский","улица Гагарина, Яблоновский",44.988366,38.932682,street,400,money,4000,2,pickup,active,laser-level-1.webp;laser-level-2.webp
sergey,yablonovskiy,Инструменты / Строительное оборудование,"Стремянка алюминиевая, 8 ступеней","Высота площадки 1,7 метра, до потолка в трёшке с запасом достаёт. Складывается плоско, в универсал ложится по диагонали. Самая ходовая вещь у меня — на выходные разбирают заранее.","улица Гагарина, Яблоновский","улица Гагарина, Яблоновский",44.988366,38.932682,street,250,document,,4,pickup,active,ladder-1.webp
sergey,yablonovskiy,Инструменты / Ручной инструмент,"Набор инструментов, 108 предметов","Головки, ключи, отвёртки, трещотка — в кейсе, всё по местам. Пригодится, когда надо собрать мебель или подтянуть что-то в машине, а покупать целый набор ради одного раза жалко.","улица Гагарина, Яблоновский","улица Гагарина, Яблоновский",44.988366,38.932682,street,250,money,2000,2,pickup,active,toolbox-1.webp
timur,krasnodar,Инструменты / Электроинструменты,Перфоратор Makita HR2470,"Брал на свой ремонт, ремонт закончился. Работает нормально, буры на 8 и на 10 в кейсе. Отдаю у подъезда после шести.","ЖК Радуга, Краснодар","ЖК Радуга, Краснодар",45.052664,39.016549,place,450,money,3000,1,pickup,active,drill-makita-1.webp
timur,krasnodar,Дом и мероприятия / Уборочная техника,Мойка высокого давления Karcher K5,"Мою ей машину и плитку во дворе. Шланг восемь метров, грязевая фреза есть — она и делает всю работу. Воду можно брать из бочки, шланг с фильтром прилагается.","ЖК Радуга, Краснодар","ЖК Радуга, Краснодар",45.052664,39.016549,place,700,money,4000,1,pickup,active,pressure-washer-1.webp;pressure-washer-2.webp
zaur,yablonovskiy,Инструменты / Садовая техника,Бензопила Stihl MS 180,"Шина 35 см. Пилил ей яблони у себя на участке, цепь острая. Масло для цепи налью, бензин ваш. Одному не работать — правило.","улица Заводская, Яблоновский","улица Заводская, Яблоновский",44.994655,38.951341,street,800,money,5000,1,pickup,active,chainsaw-1.webp
zaur,yablonovskiy,Инструменты / Садовая техника,Триммер электрический 1200 Вт,"Косит траву вдоль забора и под деревьями. Идёт с леской и с ножом. Удлинитель нужен свой, у меня короткий.","улица Заводская, Яблоновский","улица Заводская, Яблоновский",44.994655,38.951341,street,400,money,2000,2,pickup,active,trimmer-1.webp;trimmer-2.webp
egor,yablonovskiy,Инструменты / Строительное оборудование,Плиткорез электрический с водяным охлаждением,"Клал у себя керамогранит, машинка отработала весь санузел без нареканий. Режет до 12 мм без сколов. Резать лучше на балконе или во дворе: брызги мелкие, но летят везде.","улица Шоссейная, Яблоновский","улица Шоссейная, Яблоновский",45.000081,38.934909,street,550,money,3000,1,pickup,active,tile-cutter-1.webp;tile-cutter-2.webp
egor,yablonovskiy,Инструменты / Строительное оборудование,Тепловая пушка электрическая 3 кВт,"Сушил ей стяжку в феврале. Три режима, можно гонять просто вентилятором. Розетка нужна нормальная, от старой проводки выбивает автомат.","улица Шоссейная, Яблоновский","улица Шоссейная, Яблоновский",45.000081,38.934909,street,500,money,2500,1,pickup,active,heat-gun-1.webp
nikolay,yablonovskiy,Инструменты / Садовая техника,Газонокосилка бензиновая Husqvarna LC 140,"Захват сорок сантиметров, шесть высот скашивания, травосборник на пятьдесят литров. Косила у меня двенадцать соток восемь лет, ни разу не подводила. Заводится с первого рывка, если не забыть подкачать праймер — покажу. Могу подвезти по посёлку, если недалеко.",Яблоновский,Яблоновский,44.986434,38.938284,place,900,money,5000,1,pickup;delivery,active,lawnmower-1.webp;lawnmower-2.webp
zamir,yablonovskiy,Инструменты / Садовая техника,Мотобур со шнеками 150 и 200 мм,"Ставил им забор на участке. Вдвоём работать намного легче: в нашей глине один не удержит. Два шнека, удлинитель на полметра.","улица Связи, Яблоновский","улица Связи, Яблоновский",44.985585,38.95572,street,1000,money,5000,1,pickup,active,auger-1.webp;auger-2.webp
vitaliy,yablonovskiy,Транспорт / Электросамокаты,Электросамокат Ninebot Max G30,"Запас хода реальный 45–55 км, на Яблоновский и по набережной Краснодара с большим запасом. Держит до 100 кг, колёса 10 дюймов надувные — бордюры и брусчатку проходит мягко. Заряжаю перед каждой выдачей, зарядка в комплекте. По посёлку подвожу к подъезду бесплатно.","улица Гагарина, Яблоновский","улица Гагарина, Яблоновский",44.988366,38.932682,street,900,money,5000,5,pickup;delivery,active,escooter-ninebot-1.webp
vitaliy,yablonovskiy,Транспорт / Электросамокаты,"Электросамокат Kugoo M4 Pro, 18 Ач","Мощнее Ninebot, тянет в горку и держит до 120 кг. Запас хода до 60 км в экономе. Самокат тяжёлый, 22 кг — по лестнице на пятый этаж таскать не советую.","улица Гагарина, Яблоновский","улица Гагарина, Яблоновский",44.988366,38.932682,street,1100,money,6000,3,pickup;delivery,active,escooter-kugoo-1.webp;escooter-kugoo-2.webp
vitaliy,yablonovskiy,Транспорт / Электросамокаты,"Детский электросамокат, до 60 кг","Для детей примерно с восьми лет. Скорость ограничена 15 км/ч — специально, чтобы родители не поседели. Шлем даю бесплатно, есть три размера.","улица Гагарина, Яблоновский","улица Гагарина, Яблоновский",44.988366,38.932682,street,600,money,3000,4,pickup;delivery,active,escooter-kid-1.webp;escooter-kid-2.webp
vitaliy,yablonovskiy,Транспорт / Велосипеды,"Горный велосипед Trek Marlin 5, рама M","Ростовка под 170–180 см. Обслужен: цепь смазана, тормоза настроены, колёса подкачаны. Хорош для грунтовок вдоль Кубани и лесных дорог в Лаго-Наки. Даю насос и мультитул с собой.","улица Гагарина, Яблоновский","улица Гагарина, Яблоновский",44.988366,38.932682,street,600,document,,6,pickup,active,mtb-1.webp;mtb-2.webp
vitaliy,yablonovskiy,Транспорт / Велосипеды,Городской велосипед с корзиной,"Прямая посадка, семь скоростей, крылья и багажник — по городу и набережной в самый раз, спина не устаёт. Есть замок и фонарь. Ростовка одна, под 160–180 см.","улица Гагарина, Яблоновский","улица Гагарина, Яблоновский",44.988366,38.932682,street,450,document,,8,pickup,active,city-bike-1.webp;city-bike-2.webp
vitaliy,yablonovskiy,Транспорт / Велосипеды,Детский велосипед 20 дюймов,"На рост 120–140 см, примерно 6–10 лет. Приставные колёса есть, ставлю по просьбе. Тормоза и ручные, и ножной — ребёнку так спокойнее.","улица Гагарина, Яблоновский","улица Гагарина, Яблоновский",44.988366,38.932682,street,300,document,,4,pickup,active,kids-bike-1.webp;kids-bike-2.webp
vitaliy,yablonovskiy,Транспорт / Велосипеды,Электровелосипед с запасом хода 70 км,"Мотор 500 Вт в заднем колесе, пять уровней помощи и ручка газа. До Краснодара через мост и обратно доезжает на одном заряде. Заряжается за четыре часа от обычной розетки.","улица Гагарина, Яблоновский","улица Гагарина, Яблоновский",44.988366,38.932682,street,1200,money,8000,2,pickup;delivery,active,ebike-1.webp;ebike-2.webp
marina,krasnodar,Детские товары / Коляски,"Коляска-трость лёгкая, 6 кг","Берут в поездки и в самолёт: складывается одной рукой, вписывается в габариты ручной клади у большинства авиакомпаний. Спинка откидывается почти горизонтально, малыш поспит. Дождевик и москитка в комплекте.","ЖК Радуга, Краснодар","ЖК Радуга, Краснодар",45.052664,39.016549,place,400,money,3000,2,pickup,active,stroller-1.webp;stroller-2.webp
marina,krasnodar,Детские товары / Автокресла,"Автокресло 9–18 кг, группа 1","Крепится штатным ремнём, ставится за пять минут — покажу, как правильно натянуть. Чехол снимается и стирается, стираю после каждого проката. Обычно берут гости на пару дней, когда приезжают с ребёнком.","ЖК Радуга, Краснодар","ЖК Радуга, Краснодар",45.052664,39.016549,place,350,money,3000,2,pickup,active,car-seat-1.webp;car-seat-2.webp
marina,krasnodar,Детские товары / Стульчики для кормления,"Стульчик для кормления, складной","Высота в пять положений, столешница снимается и моется целиком. Складывается плоско и убирается за шкаф. Ремни пятиточечные, малыш не выберется.","ЖК Радуга, Краснодар","ЖК Радуга, Краснодар",45.052664,39.016549,place,300,money,2000,2,pickup,active,high-chair-1.webp;high-chair-2.webp
marina,krasnodar,Детские товары / Игрушки,Манеж-кровать с пеленальным столиком,"Спальное место и манеж в одном, второй ярус для новорождённого снимается. Складывается в сумку-чехол, влезает в багажник. Матрасик свой обязательно — мой отдаю без него.","ЖК Радуга, Краснодар","ЖК Радуга, Краснодар",45.052664,39.016549,place,400,money,3000,1,pickup,active,playpen-1.webp
marina,krasnodar,Одежда / Вечерняя одежда,"Вечернее платье в пол, размер 42–44","Тёмно-изумрудное, на тонких бретелях, с разрезом. Надевала один раз на свадьбу подруги. Отдаю в чехле, после проката отношу в химчистку сама — она входит в цену.","ЖК Радуга, Краснодар","ЖК Радуга, Краснодар",45.052664,39.016549,place,1500,money,5000,1,pickup,active,dress-evening-1.webp
marina,krasnodar,Одежда / Свадебная одежда,"Свадебное платье А-силуэт, 44","Айвори, кружевной верх, юбка со шлейфом, который пристёгивается — на регистрацию с ним, на банкет без. Подъюбник и фата идут вместе. Мерить приглашаю к себе, подгонку по фигуре не делаю.","ЖК Радуга, Краснодар","ЖК Радуга, Краснодар",45.052664,39.016549,place,5000,money,15000,1,pickup,active,dress-wedding-1.webp;dress-wedding-2.webp
madina,yablonovskiy,Одежда / Вечерняя одежда,"Коктейльное платье с пайетками, 46","Надевала на Новый год, больше повода не было. Длина до колена, рукав три четверти. Сидит по фигуре, но не в облипку.","улица Дорожная, Яблоновский","улица Дорожная, Яблоновский",44.980979,38.946913,street,1200,money,4000,1,pickup,active,dress-cocktail-1.webp;dress-cocktail-2.webp
madina,krasnodar,Одежда / Вечерняя одежда,Платье для фотосессии с длинным шлейфом,"Пудровое, шлейф три метра — красиво летит на ветру, для съёмки в поле идеально. Размер свободный, 42–48 садится на всех.","Юбилейный, Краснодар","Юбилейный, Краснодар",45.031,38.9124,place,2000,money,6000,1,pickup,active,dress-photo-1.webp;dress-photo-2.webp
polina,krasnodar,Детские товары / Коляски,Прогулочная коляска с большими колёсами,"Колёса надувные, бордюры и плитку проходит без тряски. Капюшон большой, от солнца закрывает полностью. Чехол постирала, всё чистое.","Мега, Новая Адыгея","Мега, Новая Адыгея",45.014805,38.910143,place,500,money,4000,1,pickup,active,stroller-2-1.webp;stroller-2-2.webp
kseniya,yablonovskiy,Детские товары / Автокресла,Бустер 22–36 кг,"Ребёнок вырос, лежит без дела. Занимает мало места, в багажник кидается и не мешает.","улица Дорожная, Яблоновский","улица Дорожная, Яблоновский",44.980979,38.946913,street,200,document,,1,pickup,active,booster-1.webp;booster-2.webp
kseniya,yablonovskiy,Детские товары / Игрушки,Беговел на 2–4 года,"Сын откатал два сезона и пересел на велосипед. Сиденье и руль регулируются, шлем отдам вместе с ним.","улица Дорожная, Яблоновский","улица Дорожная, Яблоновский",44.980979,38.946913,street,250,document,,1,pickup,active,balance-bike-1.webp
aslan,yablonovskiy,Спорт / Водный спорт,Сапборд надувной 10'8″ с веслом,"Универсальная доска: держит взрослого до ста килограммов, можно катать ребёнка вторым. Насос, весло, лиш и рюкзак в комплекте — всё влезает в багажник. До воды от меня пять минут пешком, можно взять и сразу идти.","улица Связи, Яблоновский","улица Связи, Яблоновский",44.985585,38.95572,street,800,money,4000,4,pickup,active,sup-1.webp;sup-2.webp
aslan,yablonovskiy,Спорт / Водный спорт,Сапборд двухместный 15 футов,"Для двоих взрослых или родителя с двумя детьми. Устойчивый настолько, что на нём можно стоять вдвоём и не бояться. Тяжелее обычного, нести до воды лучше вдвоём.","улица Связи, Яблоновский","улица Связи, Яблоновский",44.985585,38.95572,street,1400,money,6000,1,pickup,active,sup-double-1.webp;sup-double-2.webp
aslan,yablonovskiy,Спорт / Водный спорт,"Гидрокостюм 3 мм, размеры S–XL","Для холодной воды весной и осенью, в море и на реке. Есть четыре размера, скажите рост и вес — подберу. После проката промываю пресной водой и сушу.","улица Связи, Яблоновский","улица Связи, Яблоновский",44.985585,38.95572,street,300,document,,6,pickup,active,wetsuit-1.webp
aslan,yablonovskiy,Транспорт / Водный транспорт,Каяк надувной двухместный,"Для сплава по Кубани и прогулок по водохранилищу. Два весла, насос и ремкомплект. Накачивается за пятнадцать минут, в собранном виде помещается в две сумки.","улица Связи, Яблоновский","улица Связи, Яблоновский",44.985585,38.95572,street,1200,money,7000,2,pickup,active,kayak-1.webp;kayak-2.webp
karen,krasnodar,Инструменты / Строительное оборудование,Бетономешалка 130 л,"Хватает на стяжку в комнате или на фундамент под забор. В легковушку не влезет — привожу сам, по Краснодару 1000, за город договоримся.","Комсомольский, Краснодар","Комсомольский, Краснодар",45.0345,39.0958,place,700,money,5000,1,pickup;delivery,active,mixer-1.webp
karen,krasnodar,Инструменты / Строительное оборудование,Генератор бензиновый 3 кВт,"Держит холодильник, свет, насос и болгарку одновременно. Расход около литра в час, бак на 15 литров. Отдаю с пустым баком и прошу вернуть пустым — так честнее для обоих.","Комсомольский, Краснодар","Комсомольский, Краснодар",45.0345,39.0958,place,1200,money,7000,2,pickup;delivery,active,generator-1.webp
karen,krasnodar,Инструменты / Строительное оборудование,"Вышка-тура, рабочая высота 4 м","Для потолков, фасада, обрезки деревьев. Собирается вдвоём минут за пятнадцать. Колёса с тормозами. Вожу сам — в разобранном виде занимает полприцепа.","Комсомольский, Краснодар","Комсомольский, Краснодар",45.0345,39.0958,place,800,money,6000,1,pickup;delivery,active,tower-1.webp
olga,krasnodar,Дом и мероприятия / Шатры и тенты,Шатёр 3×3 м со стенками,"Ставим на день рождения во дворе, на дачу, на выездную регистрацию. Каркас стальной, четыре стенки в комплекте — две глухие, одна с окном, одна со входом. Вдвоём собирается минут за двадцать, показываю при выдаче.","Юбилейный, Краснодар","Юбилейный, Краснодар",45.031,38.9124,place,1000,money,5000,2,pickup;delivery,active,marquee-1.webp
olga,krasnodar,Дом и мероприятия / Грили и барбекю,Мангал разборный с шампурами,"Сталь три миллиметра, не ведёт от жара. Десять шампуров и кочерга в комплекте. Разбирается в плоский чемодан, помещается в багажник. Уголь и розжиг ваши.","Юбилейный, Краснодар","Юбилейный, Краснодар",45.031,38.9124,place,400,money,1500,3,pickup,active,grill-charcoal-1.webp
olga,krasnodar,Дом и мероприятия / Грили и барбекю,Казан 12 л с печью и шумовкой,"На плов для двадцати человек. Печь под дрова, тяга хорошая. Казан чугунный, тяжёлый, вдвоём нести удобнее. Отдаю прокалённым, прошу вернуть без ржавчины: помыли, вытерли, смазали маслом.","Юбилейный, Краснодар","Юбилейный, Краснодар",45.031,38.9124,place,700,money,3000,1,pickup;delivery,active,kazan-1.webp
olga,krasnodar,Дом и мероприятия / Декор,"Гирлянда ретро, 20 м с лампами","Крупные лампы накаливания на чёрном проводе — та самая, «как в кафе». Двадцать метров хватает на двор шесть на восемь с провисами. Уличная, дождя не боится. Три запасные лампы в коробке.","Юбилейный, Краснодар","Юбилейный, Краснодар",45.031,38.9124,place,300,money,2000,4,pickup,active,garland-1.webp
svetlana,krasnodar,Дом и мероприятия / Уборочная техника,Моющий пылесос Karcher SE 4001,"Диваны, ковролин, матрасы, салон машины. После ремонта или переезда вытаскивает такое, о чём лучше не знать. Насадки для мебели и для пола в комплекте, шампунь свой — продаётся в любом хозяйственном. Самая ходовая вещь, на выходные бронируйте заранее.","Фестивальный, Краснодар","Фестивальный, Краснодар",45.0621,38.952,place,800,money,4000,2,pickup,active,wet-vacuum-1.webp;wet-vacuum-2.webp
svetlana,krasnodar,Дом и мероприятия / Уборочная техника,Пароочиститель Karcher SC 3,"Плитка, швы, духовка, окна — без единой капли химии. Нагревается за полминуты. Хорош, если дома дети или аллергия.","Фестивальный, Краснодар","Фестивальный, Краснодар",45.0621,38.952,place,600,money,3000,2,pickup,active,steam-cleaner-1.webp;steam-cleaner-2.webp
alexey,krasnodar,Туризм и отдых / Палатки,Палатка четырёхместная Naturehike с тамбуром,"Реально спят четверо взрослых, если без огромных рюкзаков внутри. Тамбур большой, ботинки и рюкзаки убираются с запасом. Проверена на Пшаде в дождь — не течёт, дуги целые. Ставится вдвоём минут за десять.","Гидрострой, Краснодар","Гидрострой, Краснодар",45.0091,39.0722,place,700,money,3000,2,pickup,active,tent-4-1.webp
alexey,krasnodar,Туризм и отдых / Палатки,"Палатка двухместная лёгкая, 2,2 кг","Для тех, кто идёт пешком и считает каждый грамм. Двухслойная, юбки нет, в сильный ветер на открытом месте будет неуютно. Колышки титановые, не гнутся о камни.","Гидрострой, Краснодар","Гидрострой, Краснодар",45.0091,39.0722,place,450,money,2000,3,pickup,active,tent-2-1.webp
alexey,krasnodar,Туризм и отдых / Спальники,"Спальник-кокон, комфорт +5 °C","Для лета в горах и весны-осени на равнине. В ноль будет прохладно, честно предупреждаю — берите термобельё. Стираю после каждого проката, выдаю в компрессионном мешке.","Гидрострой, Краснодар","Гидрострой, Краснодар",45.0091,39.0722,place,250,document,,6,pickup,active,sleeping-bag-1.webp
alexey,krasnodar,Туризм и отдых / Рюкзаки,Рюкзак туристический 70 л с подвеской,"На поход от трёх дней. Подвеска регулируется по спине, вес ложится на пояс, а не на плечи — подгоню под вас при выдаче, это пять минут и половина удовольствия от похода. Дождевик в кармане на дне.","Гидрострой, Краснодар","Гидрострой, Краснодар",45.0091,39.0722,place,300,document,,4,pickup,active,backpack-1.webp
alexey,krasnodar,Туризм и отдых / Кемпинг-оборудование,Горелка газовая с ветрозащитой,"Литр воды закипает минуты за четыре даже на ветру. Баллоны свои — резьбовые, продаются в любом «Спортмастере». Пьезоподжиг иногда капризничает, спички кладу в комплект.","Гидрострой, Краснодар","Гидрострой, Краснодар",45.0091,39.0722,place,200,document,,4,pickup,active,camp-stove-1.webp
alexey,krasnodar,Туризм и отдых / Кемпинг-оборудование,"Автохолодильник 25 л, 12 В","От прикуривателя держит холод в дороге, дома можно включить через адаптер в розетку. На выезд с ночёвкой и на рыбалку — вещь. Провод три метра, до багажника хватает.","Гидрострой, Краснодар","Гидрострой, Краснодар",45.0091,39.0722,place,400,money,3000,2,pickup,active,cooler-1.webp
maksim,krasnodar,Туризм и отдых / Спальники,"Коврик самонадувающийся, 5 см","После пенки — небо и земля, спина утром не болит. Надувается сам минут за десять. Ремкомплект в чехле.","Славянский, Краснодар","Славянский, Краснодар",45.0634,38.9288,place,200,document,,2,pickup,active,mat-1.webp
dmitriy,krasnodar,Фото и видео / Штативы и стабилизаторы,Стабилизатор DJI RS 3 Mini,"Для видео с беззеркалки: картинка перестаёт трястись на ходу. Балансируется минут за пять, покажу как. Держит до 2 кг — с 24-70 работает, с большим телевиком уже нет.","Центр, Краснодар","Центр, Краснодар",45.0356,38.9708,place,900,money,12000,1,pickup,active,gimbal-1.webp
vadim,krasnodar,Фото и видео / Экшн-камеры,GoPro Hero 12 с креплениями,"Набор креплений: на грудь, на шлем, на руль, присоска в машину. Две батареи и поплавок для воды. Брал на сплав, теперь лежит.","Пашковский, Краснодар","Пашковский, Краснодар",45.0239,39.095,place,700,money,8000,1,pickup,active,action-cam-1.webp
vadim,krasnodar,Электроника / Аксессуары,Колонка JBL PartyBox 310,Двор и небольшой зал озвучивает с запасом. От аккумулятора играет часов шесть на средней громкости. Микрофон проводной в комплекте.,"Пашковский, Краснодар","Пашковский, Краснодар",45.0239,39.095,place,1200,money,8000,1,pickup,active,speaker-1.webp
artur,krasnodar,Развлечения / Игровые приставки,PlayStation 5 с двумя джойстиками,"Отдаю на выходные и на праздники. Два геймпада, провода все на месте. Дисков нет, но на аккаунте стоят FIFA, Mortal Kombat и пара гонок — для компании самое то.","Славянский, Краснодар","Славянский, Краснодар",45.0634,38.9288,place,900,money,15000,1,pickup,active,console-1.webp
artur,krasnodar,Развлечения / VR,Шлем VR Meta Quest 3,"Автономный, компьютер не нужен. Заряда хватает часа на два активной игры. Насадку на лицо протираю после каждого проката, есть сменные. Для комнаты нужно свободных два на два метра.","Славянский, Краснодар","Славянский, Краснодар",45.0634,38.9288,place,1000,money,20000,1,pickup,active,vr-1.webp
inna,krasnodar,Транспорт / Прицепы,Прицеп легковой с тентом,"Кузов два на метр двадцать, тент высокий. Возят мебель при переезде, стройматериалы, мотоцикл. Нужна категория B и фаркоп. Документы отдаю с прицепом, страховка своя.","улица Западный Обход, Краснодар","улица Западный Обход, Краснодар",45.109752,38.92213,street,1200,money,10000,1,pickup,active,trailer-1.webp
